--실습문제 --
--도서관리 프로그램을 만들기 위한 테이블들 만들기--
--이때, 제약조건에 이름을 부여할 것
--   각 컬럼에 주석달기

/*
    1. 출판사들에 대한 데이터를 담기위한 출판사 테이블(TB_PUBLISHER)
    컬럼 : PUB_NO(출판사 번호) - 기본키(PUBLISHER_PK)
          PUB_NAME(출판사명) -- NOT NULL(PUBLISHER_NN)
          PHONE(출판사전화번호) -- 제약조건없음
*/
--샘플 3개정도 생성
CREATE TABLE TB_PUBLISHER(
    PUB_NO NUMBER CONSTRAINT TB_PUBLISHER PRIMARY KEY,
    PUB_NAME VARCHAR2(20) CONSTRAINT PUBLISHER_NN NOT NULL,
    PHONE VARCHAR2(20)
);
COMMENT ON COLUMN TB_PUBLISHER.PUB_NO IS '출판사번호';
COMMENT ON COLUMN TB_PUBLISHER.PUB_NAME IS '출판사명';
COMMENT ON COLUMN TB_PUBLISHER.PHONE IS '출판사전화번호';

INSERT INTO TB_PUBLISHER VALUES(152, '믿음사', '02-483-9276');
INSERT INTO TB_PUBLISHER VALUES(565, '한움', '02-244-6665');
INSERT INTO TB_PUBLISHER VALUES(896, '길둥사', '02-566-8871');

/*
    2. 도서들에 대한 데이터를 담기위한 도서 테이블(TB_BOOK)
    컬럼 : BK_NO(도서번호)--기본키(BOOK_PK)
          BK_TITLE(도서명)--NOT NULL(BOOK__NN_TITLE)
          BK_AUTHOR(저자명)--NOT NULL(BOOK__NN_AUTHOR)
          BK_PRICE(가격)-- 제약조건없음
          BK_PUB_NO(출판사 번호)--외래키(BOOK_FK)(TB_PUBLISHER테이블을 참조)
                                이때 참조하고 있는 부모데이터 삭제시 자식데이터도 삭제 되도록 옵션지정
                                
*/
--5개 정도의 샘플 데이터 추가하기
CREATE TABLE TB_BOOK(
    BK_NO NUMBER CONSTRAINT BOOK_PK PRIMARY KEY,--기본키(BOOK_PK)
    BK_TITLE VARCHAR2(30) CONSTRAINT BOOK__NN__TITLE NOT NULL, --NOT NULL(BOOK__NN_TITLE)
    BK_AUTHOR VARCHAR2(20) CONSTRAINT BOOK_NN_AUTHOR NOT NULL, --NOT NULL(BOOK__NN_AUTHOR)
    BK_PRICE NUMBER, -- 제약조건없음
    BK_PUB_NO NUMBER CONSTRAINT BOOK_FK REFERENCES TB_PUBLISHER ON DELETE CASCADE --외래키(BOOK_FK)(TB_PUBLISHER테이블을 참조)
);
COMMENT ON COLUMN TB_BOOK.BK_NO IS '도서번호';
COMMENT ON COLUMN TB_BOOK.BK_TITLE IS '도서명';
COMMENT ON COLUMN TB_BOOK.BK_AUTHOR IS '저자명';
COMMENT ON COLUMN TB_BOOK.BK_PRICE IS '가격';
COMMENT ON COLUMN TB_BOOK.BK_PUB_NO IS '출판사번호';

INSERT INTO TB_BOOK VALUES(20005, '코딩의정석', '최지원', 25000, 152);
INSERT INTO TB_BOOK VALUES(65555, '별헤는밤', '윤동주', 13000, 565);
INSERT INTO TB_BOOK VALUES(11155, '여름이였다', '나가사키', 15000, 896);
INSERT INTO TB_BOOK VALUES(56222, '우리의꿈', '김종민', 8000, 896);
INSERT INTO TB_BOOK VALUES(21444, '미국문화의이해', '정혜승', 33000, 152);
/*
    3. 회원에 대한 데이터를 담기위한 회원 테이블(TB_MEMBER)
    컬럼명 : MEMBER_NO(회원번호) -- 기본키(MEMBER_PK)
            MEMBER_ID(아이디) -- 중복금지(MEMBER_UQ_ID)
            MEMBER_PWD(비밀번호) -- NOT NULL(MEMBER_NN_PWD)
            MEMBER_NAME(회원명) -- NOT NULL(MEMBER_NN_NAME)
            GENDER(성별) -- M또는 F로 입력되도록 제한(MEMBER_CK_GEN)
            ADDRESS(주소) -- 제약조건없음
            PHONE(연락처)-- 제약조건없음
            STATUS(탈퇴여부) -- 기본값을 N으로 지정, 그리고 N또는 Y만 입력되도록 제약조건 설정(MEMBER_CK_STA)
            ENROLL_DATE(가입일) -- 기본값으로 SYSDATE, NOT NULL 제약조건(MEMBER_NN_EN)
*/
--5개 정도의 샘플 데이터 추가하기
CREATE TABLE TB_MEMBER(
    MEMBER_NO NUMBER CONSTRAINT MEMBER_PK PRIMARY KEY, -- 기본키(MEMBER_PK)
    MEMBER_ID VARCHAR2(20) CONSTRAINT MEMBER_UQ_ID UNIQUE, -- 중복금지(MEMBER_UQ_ID)
    MEMBER_PWD VARCHAR2(20) CONSTRAINT MEMBER_NN_PWD NOT NULL, -- NOT NULL(MEMBER_NN_PWD)
    MEMBER_NAME VARCHAR2(20)CONSTRAINT MEMBER_NN_NAME NOT NULL, -- NOT NULL(MEMBER_NN_NAME)
    GENDER CHAR(3)CONSTRAINT MEMBER_CK_GEN CHECK(GENDER IN ('M','F')), -- M또는 F로 입력되도록 제한(MEMBER_CK_GEN)
    ADDRESS VARCHAR2(30),-- 제약조건없음
    PHONE NUMBER,-- 제약조건없음
    STATUS CHAR(3) DEFAULT 'N' CONSTRAINT MEMBER_CK_STA CHECK(STATUS IN ('N','Y')), -- 기본값을 N으로 지정, 그리고 N또는 Y만 입력되도록 제약조건 설정(MEMBER_CK_STA)
    ENROLL_DATE DATE DEFAULT SYSDATE CONSTRAINT MEMBER_NN_EN NOT NULL -- 기본값으로 SYSDATE, NOT NULL 제약조건(MEMBER_NN_EN)
);
COMMENT ON COLUMN TB_MEMBER.MEMBER_NO IS '회원번호';
COMMENT ON COLUMN TB_MEMBER.MEMBER_ID IS '아이디';
COMMENT ON COLUMN TB_MEMBER.MEMBER_PWD IS '비밀번호';
COMMENT ON COLUMN TB_MEMBER.MEMBER_NAME IS '회원명';
COMMENT ON COLUMN TB_MEMBER.GENDER IS '성별';
COMMENT ON COLUMN TB_MEMBER.ADDRESS IS '주소';
COMMENT ON COLUMN TB_MEMBER.PHONE IS '연락처';
COMMENT ON COLUMN TB_MEMBER.STATUS IS '탈퇴여부';
COMMENT ON COLUMN TB_MEMBER.ENROLL_DATE IS '가입일';

INSERT INTO TB_MEMBER VALUES(2665, 'abc123', 'abc123', '최지원', 'M', '서울시 강동구 강일동', 01022226666, 'N', DEFAULT);
INSERT INTO TB_MEMBER VALUES(5666, 'efef12', 'tmdgm1l2', '김상원', 'M', '서울시 강동구 강일동', 01022226666, 'N', DEFAULT);
INSERT INTO TB_MEMBER VALUES(1222, 'eieie123', 'tmdrn12', '송홍민', 'M', '서울시 강동구 강일동', 01022226666, 'N', DEFAULT);
INSERT INTO TB_MEMBER VALUES(9494, 'thiefjef', 'efef123', '박기성', 'M', '서울시 강동구 강일동', 01022226666, 'N', DEFAULT);
INSERT INTO TB_MEMBER VALUES(6545, 'vwneof', 'titn123', '차범군', 'M', '서울시 강동구 강일동', 01022226666, 'N', DEFAULT);
/*
    4.어떤 회원이 어떤 도서를 대여했는지에 대한 대여목록 테이블(TB_RENT)
    컬럼명 : RENT_NO(대여번호)-- 기본키(RENT_PK)
            RENT_MEM_NO(대여회원번호)-- 외래키(RENT_FK_MEM) TB_MEMBER와 참조하도록
                                        이때 부모 데이터 삭제시 자식데이터 값이 NULL이 되도록 지정
            RENT_BOOK_NO(대여도서번호)-- 외래키(RENT_FK_BOOK) TB_BOOK와 참조하도록
                                        이때 부모 데이터 삭제시 자식데이터 값이 NULL이 되도록 지정
            RENT_DATE(대여일) -- 기본값 SYSDATE
*/

--3개 정도의 샘플 데이터 추가하기
CREATE TABLE TB_RENT(
    RENT_NO NUMBER CONSTRAINT RENT_PK PRIMARY KEY,-- 기본키(RENT_PK)
    RENT_MEM_NO NUMBER CONSTRAINT RENT_FK_MEM REFERENCES TB_MEMBER(MEMBER_NO)ON DELETE SET NULL,-- 외래키(RENT_FK_MEM) TB_MEMBER와 참조하도록
                                        --이때 부모 데이터 삭제시 자식데이터 값이 NULL이 되도록 지정
    RENT_BOOK_NO NUMBER CONSTRAINT RENT_FK_BOOK REFERENCES TB_BOOK(BK_NO)ON DELETE SET NULL,-- 외래키(RENT_FK_BOOK) TB_BOOK와 참조하도록
                                       -- 이때 부모 데이터 삭제시 자식데이터 값이 NULL이 되도록 지정
    RENT_DATE DATE DEFAULT SYSDATE
);
COMMENT ON COLUMN TB_RENT.RENT_NO IS '대여번호';
COMMENT ON COLUMN TB_RENT.RENT_MEM_NO IS '대여회원번호';
COMMENT ON COLUMN TB_RENT.RENT_BOOK_NO IS '대여도서번호';
COMMENT ON COLUMN TB_RENT.RENT_DATE IS '대여일';

INSERT INTO TB_RENT VALUES(122, 6545, 65555, DEFAULT);
INSERT INTO TB_RENT VALUES(655, 2665, 56222 , DEFAULT);
INSERT INTO TB_RENT VALUES(455, 9494, 21444, DEFAULT);
